Model,Total_Charge,Total_Discharge,Total_Revenue,Avg_SOC
15 days,1070.0,1020.0,12838.428466796875,87.26671850699844
24 hours,640.0,590.0,8310.233459472656,77.35614307931571
