Model,RMSE,MAE,MAPE
24-hour,21.56776165970418,15.958275465944368,4.4739826976425245
15-day,24.85131620215355,18.813989357103566,5.317298824653721
