Model,RMSE,MAE,MAPE
15 days,54.065057842419286,44.02495406685512,10.569579695923586
24 hours,37.129774353583905,31.166251231516874,7.305732173526608
