Time_Period,RMSE_24h,RMSE_15d,Improvement_Percent
1 Day,25.94334339415225,28.05460215268037,7.525534481074106
1 Week,22.20441499961193,21.46329286487088,-3.4529749904035034
15 Days,21.108762425791983,21.957445673286266,3.8651273928770413
